,country,league,season,home,away,hg,ag,res,ph,pd,pa,maxh,maxd,maxa,avgh,avgd,avga,date,kick_off,hw,aw,x,h_pl,x_pl,a_pl,overround,phf,pdf,paf,herr,xerr,aerr,herr_avg,aerr_avg,h_nth_game,a_nth_game,h_rolling_err,a_rolling_err,h_last_err,a_last_err
2948,USA,MLS,2020,DC United,Colorado Rapids,1,2,A,2.09,3.59,3.53,2.15,3.74,3.6,2.06,3.55,3.39,2020-02-29,2020-02-29 18:00:00,0,1,0,-1.0,-1.0,2.53,1.0403065505351274,0.45993068031284584,0.2677590868673671,0.2723102328197869,-0.45993068031284584,-0.2677590868673671,0.2723102328197869,0.04570771563565431,-0.11866581543356018,,0.0,,,,
2949,USA,MLS,2020,Montreal Impact,New England Revolution,2,1,H,2.92,3.44,2.46,2.92,3.5,2.63,2.78,3.38,2.46,2020-02-29,2020-02-29 20:00:00,1,0,0,1.92,2.44,-1.0,1.0396674928839125,0.32939930869118433,0.27960638993554016,0.3909943013732757,0.32939930869118433,-0.27960638993554016,-0.3909943013732757,0.045803882277368056,-0.11875813017455669,,0.0,,,,
2950,USA,MLS,2020,Houston Dynamo,Los Angeles Galaxy,1,1,D,2.15,3.83,3.18,2.19,3.95,3.36,2.1,3.77,3.14,2020-02-29,2020-02-29 20:30:00,0,0,1,-1.0,-1.0,-1.0,1.040678293618924,0.4469356975365952,0.2508907962672793,0.30217350619612565,-0.4469356975365952,0.2508907962672793,-0.30217350619612565,0.045636908512605615,-0.11882028380926411,,0.0,,,,
2951,USA,MLS,2020,San Jose Earthquakes,Toronto FC,2,2,D,1.93,3.97,3.72,1.97,4.0,3.9,1.89,3.84,3.65,2020-02-29,2020-02-29 22:30:00,0,0,1,-1.0,-1.0,-1.0,1.0388410880927252,0.4987622466658336,0.24247131890807525,0.25876643442609104,-0.4987622466658336,0.24247131890807525,-0.25876643442609104,0.04545249145461834,-0.11886769104185789,,0.0,,,,
2952,USA,MLS,2020,FC Dallas,Philadelphia Union,2,0,H,1.93,3.84,3.88,1.97,3.84,4.1,1.9,3.66,3.79,2020-02-29,2020-02-29 23:00:00,1,0,0,0.9299999999999999,2.84,-1.0,1.0362833404554601,0.499993288320335,0.25129871001516835,0.24870800166449653,0.499993288320335,-0.25129871001516835,-0.24870800166449653,0.045606416546682585,-0.11891165999228885,,0.0,,,,
2953,USA,MLS,2020,Orlando City,Real Salt Lake,0,0,D,1.99,3.61,3.87,2.06,3.63,3.95,1.97,3.49,3.72,2020-02-29,2020-02-29 23:00:00,0,0,1,-1.0,-1.0,-1.0,1.0379188058799151,0.48415402049494216,0.2668882273642479,0.24895775214081003,-0.48415402049494216,0.2668882273642479,-0.24895775214081003,0.04542707990584249,-0.11895568372016581,,0.0,,,,
2954,USA,MLS,2020,Nashville SC,Atlanta Utd,1,2,A,3.37,3.69,2.12,4.04,3.75,2.15,3.32,3.57,2.08,2020-03-01,2020-03-01 01:00:00,0,1,0,-1.0,-1.0,1.12,1.0394367282791577,0.28547760240853937,0.2607207371590184,0.4538016604324423,-0.28547760240853937,-0.2607207371590184,0.4538016604324423,0.04531509862587147,-0.11876185720776224,,0.0,,,,
2955,USA,MLS,2020,Vancouver Whitecaps,Sporting Kansas City,1,3,A,3.27,3.64,2.18,3.4,3.75,2.2,3.15,3.55,2.15,2020-03-01,2020-03-01 03:30:00,0,1,0,-1.0,-1.0,1.1800000000000002,1.0392512686090667,0.2942603071948262,0.26434923201293453,0.4413904607922393,-0.2942603071948262,-0.26434923201293453,0.4413904607922393,0.045200221966256886,-0.11857236048313435,,0.0,,,,
2956,USA,MLS,2020,Columbus Crew,New York City,1,0,H,2.26,3.65,3.1,2.35,3.68,3.25,2.24,3.5,3.02,2020-03-01,2020-03-01 17:30:00,1,0,0,1.2599999999999998,2.65,-1.0,1.039031124007211,0.425856228829507,0.2636808430560783,0.3104629281144148,0.425856228829507,-0.2636808430560783,-0.3104629281144148,0.04532895243864892,-0.11863725414821087,,0.0,,,,
2957,USA,MLS,2020,New York Red Bulls,FC Cincinnati,3,2,H,1.59,4.0,6.19,1.64,4.5,6.25,1.57,4.07,5.58,2020-03-01,2020-03-01 18:00:00,1,0,0,0.5900000000000001,3.0,-1.0,1.0404817061399498,0.604461197057768,0.2402733258304628,0.15526547711176916,0.604461197057768,-0.2402733258304628,-0.15526547711176916,0.04551797618598466,-0.11864963691459476,,0.0,,,,
2958,USA,MLS,2020,Seattle Sounders,Chicago Fire,2,1,H,2.07,3.49,3.71,2.11,3.8,3.8,2.03,3.49,3.54,2020-03-01,2020-03-01 20:00:00,1,0,0,1.0699999999999998,2.49,-1.0,1.039166517704753,0.46488390379112376,0.27573343290762925,0.25938266330124693,0.46488390379112376,-0.27573343290762925,-0.25938266330124693,0.045659701744485894,-0.11869719792385014,,0.0,,,,
2959,USA,MLS,2020,Los Angeles FC,Inter Miami,1,0,H,1.33,5.92,8.31,1.41,6.06,9.6,1.31,5.66,8.13,2020-03-01,2020-03-01 22:30:00,1,0,0,0.33000000000000007,4.92,-1.0,1.0411355616086757,0.7221727188785854,0.1622448844777903,0.11558239664362438,0.7221727188785854,-0.1622448844777903,-0.11558239664362438,0.04588825343946363,-0.11869614562612034,,0.0,,,,
2960,USA,MLS,2020,Portland Timbers,Minnesota United,1,3,A,1.79,4.12,4.17,1.86,4.12,4.2,1.8,3.88,4.01,2020-03-02,2020-03-02 00:30:00,0,1,0,-1.0,-1.0,3.17,1.041185817956255,0.5365605334249441,0.2331173191336529,0.2303221474414029,-0.5365605334249441,-0.2331173191336529,0.2303221474414029,0.04569154665565262,-0.11857827386216642,,0.0,,,,
2961,USA,MLS,2020,New England Revolution,Chicago Fire,1,1,D,2.12,3.79,3.28,2.2,4.04,3.8,1.97,3.81,3.44,2020-03-07,2020-03-07 18:30:00,0,0,1,-1.0,-1.0,-1.0,1.0404284047320982,0.45336912281725483,0.2535996148740317,0.2930312623087135,-0.45336912281725483,0.2535996148740317,-0.2930312623087135,0.045523058921191815,-0.1186371708873003,,0.0,,,,
2962,USA,MLS,2020,Real Salt Lake,New York Red Bulls,1,1,D,2.42,3.55,2.9,2.48,3.62,3.05,2.38,3.43,2.86,2020-03-07,2020-03-07 19:00:00,0,0,1,-1.0,-1.0,-1.0,1.0397408675478348,0.3974289684990735,0.27092340951204447,0.33164762198888204,-0.3974289684990735,0.27092340951204447,-0.33164762198888204,0.04537356448061798,-0.11870906101592048,,0.0,,,,
2963,USA,MLS,2020,FC Dallas,Montreal Impact,2,2,D,1.54,4.22,6.43,1.61,4.45,6.5,1.54,4.16,5.86,2020-03-07,2020-03-07 20:00:00,0,0,1,-1.0,-1.0,-1.0,1.0418384693295693,0.6232738264776413,0.22745063809847577,0.149275535423883,-0.6232738264776413,0.22745063809847577,-0.149275535423883,0.04514797494250791,-0.11871937359163168,,1.0,,,,
2964,USA,MLS,2020,DC United,Inter Miami,2,1,H,2.36,3.46,3.06,2.51,3.68,3.2,2.28,3.43,3.01,2020-03-07,2020-03-07 20:30:00,1,0,0,1.3599999999999999,2.46,-1.0,1.0395435402206996,0.40761045320849437,0.2780233149052158,0.31436623188628976,0.40761045320849437,-0.2780233149052158,-0.31436623188628976,0.0452702219840816,-0.11878535904130948,,1.0,,,,
2965,USA,MLS,2020,Toronto FC,New York City,1,0,H,1.93,3.74,3.99,1.98,3.94,4.11,1.88,3.74,3.81,2020-03-07,2020-03-07 22:00:00,1,0,0,0.9299999999999999,2.74,-1.0,1.0361409605863319,0.5000619942027043,0.2580533820350853,0.24188462376221032,0.5000619942027043,-0.2580533820350853,-0.24188462376221032,0.04542355703877432,-0.11882686250210546,,0.0,,,,
2966,USA,MLS,2020,Atlanta Utd,FC Cincinnati,2,1,H,1.6,4.06,5.89,1.64,4.45,7.2,1.56,4.12,5.69,2020-03-08,2020-03-08 00:00:00,1,0,0,0.6000000000000001,3.0599999999999996,-1.0,1.0410847056462067,0.6003353969282059,0.23658537809978564,0.1630792249720084,0.6003353969282059,-0.23658537809978564,-0.1630792249720084,0.045610584959195434,-0.11884177735295477,,0.0,,,,
2967,USA,MLS,2020,San Jose Earthquakes,Minnesota United,2,5,A,1.95,3.86,3.78,2.0,4.1,4.2,1.89,3.8,3.73,2020-03-08,2020-03-08 01:00:00,0,1,0,-1.0,-1.0,2.78,1.0364381348837308,0.49479124277691866,0.24995930658419466,0.2552494506388866,-0.49479124277691866,-0.24995930658419466,0.2552494506388866,0.04542850887168327,-0.1187157358340896,,1.0,,,,
2968,USA,MLS,2020,Sporting Kansas City,Houston Dynamo,4,0,H,1.67,4.04,5.12,1.69,4.3,5.5,1.63,4.01,5.02,2020-03-08,2020-03-08 01:30:00,1,0,0,0.6699999999999999,3.04,-1.0,1.0416396476848284,0.5748652103829692,0.23762992607414818,0.18750486354288254,0.5748652103829692,-0.23762992607414818,-0.18750486354288254,0.04560683042827177,-0.11873890495760216,,0.0,,,,
2969,USA,MLS,2020,Colorado Rapids,Orlando City,2,1,H,1.65,4.2,5.03,1.68,4.21,5.63,1.63,4.03,5.02,2020-03-08,2020-03-08 02:00:00,1,0,0,0.6499999999999999,3.2,-1.0,1.042963001213498,0.5810950200107275,0.22828732928992865,0.190617650699344,0.5810950200107275,-0.22828732928992865,-0.190617650699344,0.04578712948200324,-0.11876310655549499,,0.0,,,,
2970,USA,MLS,2020,Los Angeles Galaxy,Vancouver Whitecaps,0,1,A,1.44,4.72,7.36,1.47,5.15,8.11,1.42,4.8,6.81,2020-03-08,2020-03-08 03:00:00,0,1,0,-1.0,-1.0,6.36,1.0421784164414967,0.6663393076356495,0.20328995826172358,0.13037073410262706,-0.6663393076356495,-0.20328995826172358,0.13037073410262706,0.0455474369754002,-0.11867925134154071,,0.0,,,,
2971,USA,MLS,2020,Seattle Sounders,Columbus Crew,1,1,D,1.98,3.5,4.05,2.0,3.8,4.33,1.93,3.5,3.89,2020-03-08,2020-03-08 03:00:00,0,0,1,-1.0,-1.0,-1.0,1.0376783710117043,0.48671199011124844,0.2753399258343634,0.23794808405438814,-0.48671199011124844,0.2753399258343634,-0.23794808405438814,0.045368345647309134,-0.11871938217354369,,1.0,,,,
2972,USA,MLS,2020,Portland Timbers,Nashville SC,1,0,H,1.6,4.2,5.64,1.63,4.79,6.0,1.59,4.19,5.21,2020-03-08,2020-03-08 23:00:00,1,0,0,0.6000000000000001,3.2,-1.0,1.0404002026342452,0.6007303712720633,0.2288496652465003,0.1704199634814364,0.6007303712720633,-0.2288496652465003,-0.1704199634814364,0.04555514753954753,-0.11873677221098328,,1.0,,,,
2973,USA,MLS,2020,Los Angeles FC,Philadelphia Union,3,3,D,1.37,5.47,7.66,1.4,5.6,8.0,1.36,5.25,7.19,2020-03-09,2020-03-09 02:30:00,0,0,1,-1.0,-1.0,-1.0,1.043290666661278,0.6996391615724606,0.17522955234995816,0.1251312860775811,-0.6996391615724606,0.17522955234995816,-0.1251312860775811,0.04530457783238141,-0.11873892235014488,,1.0,,,,
2974,USA,MLS,2020,Orlando City,Inter Miami,2,1,H,2.75,3.33,2.54,2.9,3.6,2.59,2.75,3.36,2.46,2020-07-09,2020-07-09 01:00:00,1,0,0,1.75,2.33,-1.0,1.0576374513382387,0.34381948481140784,0.28393500997939086,0.37224550520920135,0.34381948481140784,-0.28393500997939086,-0.37224550520920135,0.045404918977584446,-0.11882413464690424,,1.0,,,,
2975,USA,MLS,2020,New York City,Philadelphia Union,0,1,A,2.09,3.75,3.33,2.12,4.01,3.4,2.05,3.74,3.22,2020-07-09,2020-07-09 14:00:00,0,1,0,-1.0,-1.0,2.33,1.0454358664884982,0.45767408107840657,0.2550770211876986,0.2872488977338948,-0.45767408107840657,-0.2550770211876986,0.2872488977338948,0.04523587361466241,-0.1186876853752709,,0.0,,,,
2976,USA,MLS,2020,Montreal Impact,New England Revolution,0,1,A,2.92,3.68,2.32,3.15,3.82,2.32,2.95,3.56,2.24,2020-07-10,2020-07-10 01:00:00,0,1,0,-1.0,-1.0,1.3199999999999998,1.0452393666180608,0.3276433746776372,0.2599778951246469,0.41237873019771587,-0.3276433746776372,-0.2599778951246469,0.41237873019771587,0.04511062025614971,-0.11850929558166225,,1.0,,,,
2977,USA,MLS,2020,Seattle Sounders,San Jose Earthquakes,0,0,D,1.98,3.91,3.51,2.07,3.94,3.7,1.96,3.7,3.48,2020-07-11,2020-07-11 02:00:00,0,0,1,-1.0,-1.0,-1.0,1.0457052656541148,0.48297596047255564,0.24457606182497701,0.2724479777024673,-0.48297596047255564,0.24457606182497701,-0.2724479777024673,0.04493329098122402,-0.11856098755013801,,2.0,,,,
2978,USA,MLS,2020,Atlanta Utd,New York Red Bulls,0,1,A,2.53,3.61,2.59,2.72,3.8,2.95,2.51,3.49,2.61,2020-07-12,2020-07-12 01:00:00,0,1,0,-1.0,-1.0,1.5899999999999999,1.058365613345741,0.37345971185377796,0.261732152628825,0.364808135517397,-0.37345971185377796,-0.261732152628825,0.364808135517397,0.04479284351467988,-0.11839872869714453,,1.0,,,,
2979,USA,MLS,2020,FC Cincinnati,Columbus Crew,0,4,A,4.53,3.76,1.74,5.4,3.8,1.9,4.75,3.62,1.72,2020-07-12,2020-07-12 04:20:00,0,1,0,-1.0,-1.0,0.74,1.0614206423630512,0.2079765015544832,0.2505674340536726,0.5414560643918442,-0.2079765015544832,-0.2505674340536726,0.5414560643918442,0.04470802158680433,-0.11817730091422876,,0.0,,,,
2980,USA,MLS,2020,Sporting Kansas City,Minnesota United,1,2,A,2.0,3.72,3.45,2.05,3.85,3.7,1.99,3.66,3.43,2020-07-13,2020-07-13 01:10:00,0,1,0,-1.0,-1.0,2.45,1.0586722767648433,0.47228968867299626,0.25391918745860015,0.2737911238684036,-0.47228968867299626,-0.25391918745860015,0.2737911238684036,0.044534590620598426,-0.1180458120095717,,1.0,,,,
2981,USA,MLS,2020,Real Salt Lake,Colorado Rapids,2,0,H,2.99,3.5,2.29,3.15,3.54,2.47,2.97,3.38,2.3,2020-07-13,2020-07-13 03:30:00,1,0,0,1.9900000000000002,2.5,-1.0,1.0568436689568264,0.31645944462650677,0.2703467826952158,0.4131937726782774,0.31645944462650677,-0.2703467826952158,-0.4131937726782774,0.04462577937110342,-0.11814478852220373,,1.0,,,,
2982,USA,MLS,2020,Toronto FC,DC United,2,2,D,1.94,3.6,3.8,2.0,3.7,4.25,1.93,3.52,3.74,2020-07-13,2020-07-13 14:00:00,0,0,1,-1.0,-1.0,-1.0,1.056399590040393,0.48794407190754746,0.26294763875017835,0.24910828934227425,-0.48794407190754746,0.26294763875017835,-0.24910828934227425,0.04444724438911259,-0.11818869180776193,,1.0,,,,
2983,USA,MLS,2020,Los Angeles FC,Houston Dynamo,3,3,D,1.61,4.39,4.68,1.69,4.97,5.4,1.62,4.27,4.6,2020-07-14,2020-07-14 01:00:00,0,0,1,-1.0,-1.0,-1.0,1.0625836588993962,0.584535633707846,0.21437411623454034,0.2010902500576137,-0.584535633707846,0.21437411623454034,-0.2010902500576137,0.04423645924229726,-0.11821647383130411,,2.0,,,,
2984,USA,MLS,2020,Los Angeles Galaxy,Portland Timbers,1,2,A,2.67,3.78,2.38,2.86,3.78,2.52,2.69,3.59,2.39,2020-07-14,2020-07-14 03:30:00,0,1,0,-1.0,-1.0,1.38,1.059250166983148,0.3535820402773192,0.24975239352921755,0.39666556619346316,-0.3535820402773192,-0.24975239352921755,0.39666556619346316,0.044103186713144955,-0.11804398403565092,,1.0,,,,
2985,USA,MLS,2020,Chicago Fire,Seattle Sounders,2,1,H,2.87,3.55,2.33,3.29,3.62,2.4,2.97,3.45,2.28,2020-07-14,2020-07-14 14:00:00,1,0,0,1.87,2.55,-1.0,1.0593067459504226,0.3289246076088296,0.26591933065840595,0.40515606173276436,0.3289246076088296,-0.26591933065840595,-0.40515606173276436,0.044198572319607006,-0.11814013677433047,,0.0,,,,
2986,USA,MLS,2020,New York City,Orlando City,1,3,A,2.36,3.53,2.85,2.38,3.7,3.05,2.32,3.49,2.88,2020-07-15,2020-07-15 01:00:00,0,1,0,-1.0,-1.0,1.85,1.0578921255219482,0.400540663208227,0.2677835595386447,0.3316757772531283,-0.400540663208227,-0.2677835595386447,0.3316757772531283,0.04404968071079286,-0.11798954557445519,,1.0,,,,
2987,USA,MLS,2020,Philadelphia Union,Inter Miami,2,1,H,2.19,3.78,2.96,2.39,3.78,3.06,2.27,3.57,2.88,2020-07-15,2020-07-15 03:30:00,1,0,0,1.19,2.78,-1.0,1.0590091069543126,0.4311775994820689,0.24980924414437328,0.31901315637355776,0.4311775994820689,-0.24980924414437328,-0.31901315637355776,0.04417924159391577,-0.11805682255263428,,0.0,,,,
2988,USA,MLS,2020,Vancouver Whitecaps,San Jose Earthquakes,3,4,A,4.43,3.94,1.72,4.75,4.05,1.92,4.39,3.87,1.72,2020-07-16,2020-07-16 02:00:00,0,1,0,-1.0,-1.0,0.72,1.0609360897477065,0.21276836229144822,0.23922940227185674,0.5480022354366951,-0.21276836229144822,-0.23922940227185674,0.5480022354366951,0.04409327718980558,-0.11783398579853949,,1.0,,,,
2989,USA,MLS,2020,Atlanta Utd,FC Cincinnati,0,1,A,1.61,4.07,5.48,1.65,4.3,5.63,1.6,4.0,5.16,2020-07-16,2020-07-16 14:00:00,0,1,0,-1.0,-1.0,4.48,1.0493000099474235,0.5919355823254802,0.23415633600590247,0.17390808166861735,-0.5919355823254802,-0.23415633600590247,0.17390808166861735,0.04388055850769344,-0.11773641320072438,,2.0,,,,
2990,USA,MLS,2020,Montreal Impact,Toronto FC,3,4,A,4.21,3.97,1.75,4.5,4.01,1.95,4.13,3.85,1.77,2020-07-17,2020-07-17 01:00:00,0,1,0,-1.0,-1.0,0.75,1.060847431405716,0.2239056099675462,0.23744146548195702,0.5386529245504968,-0.2239056099675462,-0.23744146548195702,0.5386529245504968,0.04379102785959072,-0.11751695839037626,,2.0,,,,
2991,USA,MLS,2020,Columbus Crew,New York Red Bulls,2,0,H,2.23,3.56,3.03,2.41,3.8,3.07,2.27,3.52,2.91,2020-07-17,2020-07-17 03:30:00,1,0,0,1.23,2.56,-1.0,1.059362372978367,0.42330226626115963,0.265158442068086,0.3115392916707545,0.42330226626115963,-0.265158442068086,-0.3115392916707545,0.043917869851035095,-0.11758180542690046,,1.0,,,,
2992,USA,MLS,2020,DC United,New England Revolution,1,1,D,3.47,3.82,1.97,3.75,3.92,2.14,3.36,3.71,2.0,2020-07-18,2020-07-18 01:00:00,0,0,1,-1.0,-1.0,-1.0,1.0575787559503573,0.27249454134635925,0.24752776399787085,0.4799776946557699,-0.27249454134635925,0.24752776399787085,-0.4799776946557699,0.043812152373187654,-0.11770288657933241,,2.0,,,,
2993,USA,MLS,2020,Sporting Kansas City,Colorado Rapids,3,2,H,1.81,4.13,3.8,1.83,4.4,4.4,1.74,4.06,4.01,2020-07-18,2020-07-18 01:00:00,1,0,0,0.81,3.13,-1.0,1.0577748331874728,0.5223098248428312,0.22890575858729406,0.24878441656987485,0.5223098248428312,-0.22890575858729406,-0.24878441656987485,0.043971971235067964,-0.11774666798547488,,2.0,,,,
2994,USA,MLS,2020,Real Salt Lake,Minnesota United,0,0,D,2.67,3.71,2.41,2.73,3.75,2.62,2.59,3.53,2.5,2020-07-18,2020-07-18 03:30:00,0,0,1,-1.0,-1.0,-1.0,1.0590113735178335,0.35366176848683817,0.2545220813638431,0.3918161501493186,-0.35366176848683817,0.2545220813638431,-0.3918161501493186,0.04383920537873344,-0.11783817699454462,,2.0,,,,
2995,USA,MLS,2020,Portland Timbers,Houston Dynamo,2,1,H,2.31,3.71,2.81,2.39,3.95,3.1,2.27,3.68,2.82,2020-07-19,2020-07-19 01:00:00,1,0,0,1.31,2.71,-1.0,1.0583140979971706,0.4090472136010327,0.25468977450630337,0.3362630118926639,0.4090472136010327,-0.25468977450630337,-0.3362630118926639,0.04396110391285303,-0.11791108248015814,,2.0,,,,
2996,USA,MLS,2020,Los Angeles FC,Los Angeles Galaxy,6,2,H,1.55,4.4,5.24,1.58,5.0,6.5,1.51,4.64,5.28,2020-07-19,2020-07-19 03:30:00,1,0,0,0.55,3.4000000000000004,-1.0,1.0632737122517963,0.6067687773040686,0.21374809200484235,0.179483130691089,0.6067687773040686,-0.21374809200484235,-0.179483130691089,0.04414889426099825,-0.11793162704078908,,3.0,,,,
2997,USA,MLS,2020,Chicago Fire,San Jose Earthquakes,0,2,A,2.73,3.78,2.41,2.84,4.1,2.45,2.71,3.68,2.34,2020-07-20,2020-07-20 01:00:00,0,1,0,-1.0,-1.0,1.4100000000000001,1.0457883901867304,0.35026241421073884,0.2529672991522003,0.39677028663706093,-0.35026241421073884,-0.2529672991522003,0.39677028663706093,0.04401733611941328,-0.11775994528172376,,1.0,,,,
2998,USA,MLS,2020,Seattle Sounders,Vancouver Whitecaps,3,0,H,1.57,4.42,5.36,1.58,4.8,6.05,1.54,4.34,5.29,2020-07-20,2020-07-20 03:30:00,1,0,0,0.5700000000000001,3.42,-1.0,1.0497541832297428,0.6067541195211777,0.21552125964892513,0.1777246208298972,0.6067541195211777,-0.21552125964892513,-0.1777246208298972,0.0442049775943722,-0.11777994017186987,,3.0,,,,
2999,USA,MLS,2020,Inter Miami,New York City,0,1,A,2.73,3.81,2.4,2.92,3.86,2.53,2.7,3.65,2.36,2020-07-20,2020-07-20 14:00:00,0,1,0,-1.0,-1.0,1.4,1.0454342245680828,0.35038107390419704,0.251060454529779,0.39855847156602414,-0.35038107390419704,-0.251060454529779,0.39855847156602414,0.04407344891053933,-0.11760782736795723,,0.0,,,,
3000,USA,MLS,2020,Philadelphia Union,Orlando City,1,1,D,2.9,3.69,2.32,3.05,3.75,2.45,2.81,3.58,2.31,2020-07-21,2020-07-21 01:00:00,0,0,1,-1.0,-1.0,-1.0,1.0468647789926175,0.32939076099085024,0.2588707877705869,0.41173845123856284,-0.32939076099085024,0.2588707877705869,-0.41173845123856284,0.043949002322768126,-0.11770583823895711,,1.0,,,,
3001,USA,MLS,2020,Toronto FC,New England Revolution,0,0,D,2.04,3.89,3.37,2.18,3.89,3.65,2.04,3.66,3.3,2020-07-21,2020-07-21 14:00:00,0,0,1,-1.0,-1.0,-1.0,1.0440013922162428,0.4695358474482176,0.2462347374792709,0.28422941507251154,-0.4695358474482176,0.2462347374792709,-0.28422941507251154,0.04377795473790105,-0.11776130911731605,,2.0,,,,
3002,USA,MLS,2020,Atlanta Utd,Columbus Crew,0,1,A,3.04,3.56,2.29,3.18,3.75,2.4,2.93,3.54,2.26,2020-07-22,2020-07-22 01:00:00,0,1,0,-1.0,-1.0,1.29,1.0465274675329708,0.31432272790364113,0.2684104193334464,0.41726685276291225,-0.31432272790364113,-0.2684104193334464,0.41726685276291225,0.043658707091333765,-0.11758314456124538,,3.0,,,,
3003,USA,MLS,2020,Montreal Impact,DC United,1,0,H,2.46,3.62,2.76,2.54,3.72,2.79,2.45,3.54,2.64,2020-07-22,2020-07-22 03:30:00,1,0,0,1.46,2.62,-1.0,1.0450659995430125,0.3889745386591918,0.26433076384022425,0.346694697500584,0.3889745386591918,-0.26433076384022425,-0.346694697500584,0.04377365909917926,-0.11765941338712399,,3.0,,,,
3004,USA,MLS,2020,Real Salt Lake,Sporting Kansas City,0,2,A,3.8,3.69,1.96,4.15,3.7,1.99,3.79,3.54,1.92,2020-07-22,2020-07-22 14:00:00,0,1,0,-1.0,-1.0,0.96,1.0443646863965954,0.2519789285913373,0.2594904955683148,0.48853057584034787,-0.2519789285913373,-0.2594904955683148,0.48853057584034787,0.04367523893688624,-0.11745768626924463,,3.0,,,,
3005,USA,MLS,2020,FC Cincinnati,New York Red Bulls,2,0,H,4.71,3.07,1.98,4.96,3.52,2.09,4.19,3.15,1.96,2020-07-23,2020-07-23 01:00:00,1,0,0,3.71,2.07,-1.0,1.0430976291263852,0.20354204546596075,0.31227460395592027,0.4841833505781188,0.20354204546596075,-0.31227460395592027,-0.4841833505781188,0.04372842150725519,-0.11757968416156296,,1.0,,,,
3006,USA,MLS,2020,Colorado Rapids,Minnesota United,2,2,D,3.14,3.71,2.18,3.45,3.8,2.25,3.14,3.52,2.15,2020-07-23,2020-07-23 03:30:00,0,0,1,-1.0,-1.0,-1.0,1.0467287128856342,0.30425394245816784,0.25750872757915017,0.4382373299626821,-0.30425394245816784,0.25750872757915017,-0.4382373299626821,0.04361269740882971,-0.11768632122368505,,1.0,,,,
3007,USA,MLS,2020,Chicago Fire,Vancouver Whitecaps,0,2,A,1.49,4.72,6.05,1.54,4.75,6.35,1.5,4.42,5.83,2020-07-23,2020-07-23 14:00:00,0,1,0,-1.0,-1.0,5.05,1.0482946025753237,0.6402216876329777,0.20210388020617306,0.15767443216084906,-0.6402216876329777,-0.20210388020617306,0.15767443216084906,0.04338535884997273,-0.11759477842003328,,2.0,,,,
3008,USA,MLS,2020,Los Angeles Galaxy,Houston Dynamo,1,1,D,2.75,3.98,2.32,3.05,4.05,2.38,2.74,3.82,2.28,2020-07-24,2020-07-24 01:00:00,0,0,1,-1.0,-1.0,-1.0,1.0459271278020195,0.3476689283320657,0.24022350575708057,0.41210756591085373,-0.3476689283320657,0.24022350575708057,-0.41210756591085373,0.043255397305545326,-0.11769265571730507,,2.0,,,,
3009,USA,MLS,2020,Los Angeles FC,Portland Timbers,2,2,D,1.6,4.45,5.02,1.7,4.55,5.15,1.61,4.3,4.69,2020-07-24,2020-07-24 03:30:00,0,0,1,-1.0,-1.0,-1.0,1.0489222883745914,0.5958496705876077,0.2142380838067803,0.18991224560561204,-0.5958496705876077,0.2142380838067803,-0.18991224560561204,0.04304307004046455,-0.11771664893653708,,4.0,,,,
3010,USA,MLS,2020,Orlando City,Montreal Impact,1,0,H,2.01,3.6,3.7,2.09,3.75,3.75,2.01,3.5,3.53,2020-07-26,2020-07-26 01:00:00,1,0,0,1.0099999999999998,2.6,-1.0,1.0455604858589933,0.4758332440252921,0.2656735612474547,0.25849319472725324,0.4758332440252921,-0.2656735612474547,-0.25849319472725324,0.043186806398480104,-0.1177634030201607,,2.0,,,,
3011,USA,MLS,2020,Philadelphia Union,New England Revolution,1,0,H,2.85,3.57,2.41,3.0,3.6,2.52,2.79,3.46,2.38,2020-07-26,2020-07-26 03:30:00,1,0,0,1.85,2.57,-1.0,1.0459269971364828,0.3354700604756168,0.26781223315280334,0.39671770637158,0.3354700604756168,-0.26781223315280334,-0.39671770637158,0.0432838459914672,-0.11785601733070233,,2.0,,,,
3012,USA,MLS,2020,Toronto FC,New York City,1,3,A,2.59,3.5,2.68,2.67,3.6,2.86,2.52,3.42,2.64,2020-07-27,2020-07-27 01:30:00,0,1,0,-1.0,-1.0,1.6800000000000002,1.0449490001728807,0.3694920862515855,0.27342414382617325,0.35708376992224117,-0.3694920862515855,-0.27342414382617325,0.35708376992224117,0.043146847673431,-0.11769838713247699,,3.0,,,,
3013,USA,MLS,2020,Sporting Kansas City,Vancouver Whitecaps,0,0,D,1.28,5.94,9.73,1.33,6.0,10.0,1.28,5.6,9.16,2020-07-27,2020-07-27 04:00:00,0,0,1,-1.0,-1.0,-1.0,1.0523750912689762,0.7423683879271147,0.15997163914927723,0.09765997292360809,-0.7423683879271147,0.15997163914927723,-0.09765997292360809,0.04288622549838105,-0.11769173868715221,,3.0,,,,
3014,USA,MLS,2020,San Jose Earthquakes,Real Salt Lake,5,2,H,2.17,3.23,3.64,2.23,3.4,3.8,2.13,3.18,3.53,2020-07-28,2020-07-28 01:30:00,1,0,0,1.17,2.23,-1.0,1.0451522910326465,0.4409209041031161,0.29622240306618014,0.2628566928307038,0.4409209041031161,-0.29622240306618014,-0.2628566928307038,0.04301824363390501,-0.11773988626729934,,2.0,,,,
3015,USA,MLS,2020,Seattle Sounders,Los Angeles FC,1,4,A,3.39,4.03,2.02,4.1,4.08,2.02,3.44,3.86,1.94,2020-07-28,2020-07-28 04:00:00,0,1,0,-1.0,-1.0,1.02,1.0381737135043352,0.2841386242979955,0.2390148725484379,0.47684650315356675,-0.2841386242979955,-0.2390148725484379,0.47684650315356675,0.042909769871328114,-0.11754274223897676,,4.0,,,,
3016,USA,MLS,2020,Columbus Crew,Minnesota United,1,1,D,1.98,3.53,3.89,2.03,3.7,4.0,1.94,3.49,3.77,2020-07-29,2020-07-29 01:00:00,0,0,1,-1.0,-1.0,-1.0,1.045406032771035,0.4831142055989276,0.27098190569005004,0.24590388871102226,-0.4831142055989276,0.27098190569005004,-0.24590388871102226,0.042735416548334994,-0.11758528819405534,,2.0,,,,
3017,USA,MLS,2020,Portland Timbers,FC Cincinnati,1,1,D,1.8,3.63,4.78,1.83,4.0,5.0,1.77,3.67,4.41,2020-07-29,2020-07-29 03:30:00,0,0,1,-1.0,-1.0,-1.0,1.0402426701399694,0.5340634176069734,0.2648248351770116,0.20111174721601507,-0.5340634176069734,0.2648248351770116,-0.20111174721601507,0.04254429698764735,-0.1176129642904841,,3.0,,,,
3018,USA,MLS,2020,Philadelphia Union,Sporting Kansas City,3,1,H,3.76,3.78,1.97,4.0,3.9,2.02,3.63,3.66,1.93,2020-07-31,2020-07-31 01:00:00,1,0,0,2.76,2.78,-1.0,1.0381219245567448,0.25619095456640956,0.25483544687029097,0.4889735985632994,0.25619095456640956,-0.25483544687029097,-0.4889735985632994,0.04261506434689835,-0.11773597211899446,,3.0,,,,
3019,USA,MLS,2020,Orlando City,Los Angeles FC,1,1,D,4.13,4.37,1.76,4.14,4.45,1.79,3.94,4.24,1.74,2020-08-01,2020-08-01 00:30:00,0,0,1,-1.0,-1.0,-1.0,1.0391455207322253,0.2330094734322787,0.2202126144794762,0.5467779120882449,-0.2330094734322787,0.2202126144794762,-0.5467779120882449,0.042523797943660215,-0.11787803898653396,,3.0,,,,
3020,USA,MLS,2020,San Jose Earthquakes,Minnesota United,1,4,A,2.16,3.83,3.17,2.25,3.93,3.17,2.16,3.66,3.05,2020-08-02,2020-08-02 01:00:00,0,1,0,-1.0,-1.0,2.17,1.0395169819562995,0.44536353998921546,0.2511710826048839,0.3034653774059008,-0.44536353998921546,-0.2511710826048839,0.3034653774059008,0.04236229932137194,-0.11773856748160431,,3.0,,,,
3021,USA,MLS,2020,New York City,Portland Timbers,1,3,A,2.24,3.53,3.22,2.28,3.75,3.49,2.18,3.47,3.15,2020-08-02,2020-08-02 03:30:00,0,1,0,-1.0,-1.0,2.22,1.0402736966199215,0.42914530366298426,0.2723188329192875,0.2985358634177282,-0.42914530366298426,-0.2723188329192875,0.2985358634177282,0.04220627430383906,-0.11760081948991029,,2.0,,,,
3022,USA,MLS,2020,Philadelphia Union,Portland Timbers,1,2,A,2.65,3.6,2.6,2.9,3.74,2.68,2.69,3.49,2.47,2020-08-06,2020-08-06 01:00:00,0,1,0,-1.0,-1.0,1.6,1.0397516529592001,0.3629313687475766,0.26715781310585496,0.36991081814656845,-0.3629313687475766,-0.26715781310585496,0.36991081814656845,0.042072255897272266,-0.11743955199482708,,4.0,,,,
3023,USA,MLS,2020,Orlando City,Minnesota United,3,1,H,2.49,3.47,2.86,2.57,3.5,2.94,2.43,3.37,2.81,2020-08-07,2020-08-07 01:00:00,1,0,0,1.4900000000000002,2.47,-1.0,1.0394412133935067,0.38636761803168274,0.2772493858498242,0.33638299611849304,0.38636761803168274,-0.2772493858498242,-0.33638299611849304,0.04218611018369238,-0.11751195392740768,,4.0,,,,
3024,USA,MLS,2020,FC Dallas,Nashville SC,0,1,A,1.61,3.96,5.91,1.65,4.1,6.05,1.59,3.89,5.58,2020-08-13,2020-08-13 01:30:00,0,1,0,-1.0,-1.0,4.91,1.0428480026802691,0.5955978348004674,0.24214962475473548,0.16225254044479737,-0.5955978348004674,-0.24214962475473548,0.16225254044479737,0.041975272515929016,-0.1174194697970367,,2.0,,,,
3025,USA,MLS,2020,Portland Timbers,Orlando City,2,1,H,2.87,3.59,2.42,2.92,3.6,2.52,2.8,3.47,2.4,2020-08-12,2020-08-12 01:30:00,1,0,0,1.87,2.59,-1.0,1.0402067282784229,0.3349642395851406,0.2677847820638868,0.39725097835097256,0.3349642395851406,-0.2677847820638868,-0.39725097835097256,0.04207209636492744,-0.11751194551037245,,4.0,,,,
3026,USA,MLS,2020,FC Dallas,Nashville SC,0,0,D,1.85,3.5,4.66,1.92,3.6,4.66,1.83,3.45,4.4,2020-08-17,2020-08-17 05:07:00,0,0,1,-1.0,-1.0,-1.0,1.0408471009329379,0.5193275170349614,0.2745016875756225,0.20617079538941602,-0.5193275170349614,0.2745016875756225,-0.20617079538941602,0.04188663233671472,-0.1175412348562195,,3.0,,,,
3027,USA,MLS,2020,Toronto FC,Vancouver Whitecaps,3,0,H,1.31,6.12,8.36,1.32,6.3,9.75,1.29,5.83,8.67,2020-08-19,2020-08-19 01:00:00,1,0,0,0.31000000000000005,5.12,-1.0,1.0463746963167944,0.7295271773227628,0.1561569611589574,0.11431586151827984,0.7295271773227628,-0.1561569611589574,-0.11431586151827984,0.04211372630797828,-0.11754016967347909,,4.0,,,,
3028,USA,MLS,2020,New York Red Bulls,New York City,1,0,H,2.69,3.64,2.55,2.9,3.75,2.6,2.65,3.53,2.49,2020-08-21,2020-08-21 00:00:00,1,0,0,1.69,2.64,-1.0,1.0386293493662837,0.3579209581577212,0.2645075212758983,0.3775715205663804,0.3579209581577212,-0.2645075212758983,-0.3775715205663804,0.04221798752681279,-0.1176260169335956,,1.0,,,,
3029,USA,MLS,2020,Columbus Crew,Chicago Fire,3,0,H,1.87,3.61,4.42,1.89,3.8,4.65,1.81,3.62,4.34,2020-08-21,2020-08-21 00:30:00,1,0,0,0.8700000000000001,2.61,-1.0,1.0380120124294803,0.5151764641308524,0.26686426258301776,0.21795927328612988,0.5151764641308524,-0.26686426258301776,-0.21795927328612988,0.04237407943328277,-0.11765913021952053,,3.0,,,,
3030,USA,MLS,2020,New England Revolution,Philadelphia Union,0,0,D,2.21,3.72,3.15,2.3,3.75,3.21,2.18,3.62,3.07,2020-08-21,2020-08-21 00:30:00,0,0,1,-1.0,-1.0,-1.0,1.038766209544198,0.4356020475303617,0.2587850873769084,0.30561286509272995,-0.4356020475303617,0.2587850873769084,-0.30561286509272995,0.0422163835814307,-0.11772114068962056,,1.0,,,,
3031,USA,MLS,2020,FC Cincinnati,DC United,0,0,D,2.62,3.37,2.77,2.75,3.4,2.82,2.6,3.26,2.71,2020-08-22,2020-08-22 00:30:00,0,0,1,-1.0,-1.0,-1.0,1.0394261246823973,0.36720203605581053,0.28548051467840463,0.34731744926578473,-0.36720203605581053,0.28548051467840463,-0.34731744926578473,0.04208135112112817,-0.11779686506580005,,2.0,,,,
3032,USA,MLS,2020,Minnesota United,Sporting Kansas City,1,2,A,2.64,3.74,2.55,2.94,3.82,2.59,2.61,3.62,2.49,2020-08-22,2020-08-22 00:30:00,0,1,0,-1.0,-1.0,1.5499999999999998,1.0383244206773619,0.3648068669527897,0.2575107296137339,0.3776824034334764,-0.3648068669527897,-0.2575107296137339,0.3776824034334764,0.04194719740597027,-0.11763350230005679,,0.0,,,,
3033,USA,MLS,2020,Houston Dynamo,FC Dallas,0,0,D,2.68,3.43,2.67,2.82,3.6,2.7,2.64,3.37,2.59,2020-08-22,2020-08-22 01:00:00,0,0,1,-1.0,-1.0,-1.0,1.0392113530685747,0.35905528481422083,0.28054465402393935,0.3604000611618397,-0.35905528481422083,0.28054465402393935,-0.3604000611618397,0.04181502783371576,-0.11771351764575942,,1.0,,,,
3034,USA,MLS,2020,Toronto FC,Vancouver Whitecaps,1,0,H,,,,1.26,6.9,12.0,1.23,6.35,10.76,2020-08-22,2020-08-22 01:00:00,1,0,0,,,-1.0,0.0,,,,,,,0.04181502783371576,-0.11771351764575942,,5.0,,,,
3035,USA,MLS,2020,Los Angeles FC,Los Angeles Galaxy,0,2,A,1.36,5.89,7.27,1.41,5.98,8.0,1.35,5.64,7.02,2020-08-22,2020-08-22 23:00:00,0,1,0,-1.0,-1.0,6.27,1.042624986417245,0.7052335472735387,0.16283830633141133,0.13192814639504988,-0.7052335472735387,-0.16283830633141133,0.13192814639504988,0.041568883327914356,-0.11763126339072126,,5.0,,,,
3036,USA,MLS,2020,Atlanta Utd,Nashville SC,2,0,H,2.11,3.44,3.64,2.13,3.8,3.85,2.03,3.41,3.65,2020-08-23,2020-08-23 00:00:00,1,0,0,1.1099999999999999,2.44,-1.0,1.039356598432979,0.4559875311357446,0.2796900263652387,0.26432244249901676,0.4559875311357446,-0.2796900263652387,-0.26432244249901676,0.04170538485881285,-0.11767958064339197,,4.0,,,,
3037,USA,MLS,2020,Inter Miami,Orlando City,3,2,H,2.77,3.51,2.54,2.96,3.54,2.56,2.73,3.41,2.49,2020-08-23,2020-08-23 01:00:00,1,0,0,1.77,2.51,-1.0,1.0396119026267694,0.3472553838723373,0.27404484710153115,0.3786997690261316,0.3472553838723373,-0.27404484710153115,-0.3786997690261316,0.04180599401225821,-0.11776552736330725,,1.0,,,,
3038,USA,MLS,2020,Colorado Rapids,Real Salt Lake,1,4,A,2.17,3.54,3.38,2.19,3.59,3.55,2.11,3.44,3.38,2020-08-23,2020-08-23 02:00:00,0,1,0,-1.0,-1.0,2.38,1.0391733569594528,0.4434577638094109,0.2718371038040739,0.28470513238651524,-0.4434577638094109,-0.2718371038040739,0.28470513238651524,0.04164626268973626,-0.11763304854179644,,2.0,,,,
3039,USA,MLS,2020,Portland Timbers,Seattle Sounders,0,3,A,2.19,3.86,3.09,2.25,3.86,3.2,2.18,3.64,3.05,2020-08-24,2020-08-24 03:00:00,0,1,0,-1.0,-1.0,2.09,1.039312957548419,0.43934889991491055,0.2492678991745218,0.3113832009105677,-0.43934889991491055,-0.2492678991745218,0.3113832009105677,0.04148798853290683,-0.11749187833796218,,5.0,,,,
3040,USA,MLS,2020,New York City,Columbus Crew,1,0,H,2.44,3.46,2.89,2.5,3.6,3.0,2.4,3.41,2.83,2020-08-25,2020-08-25 00:00:00,1,0,0,1.44,2.46,-1.0,1.0448741678599076,0.39223485294233024,0.27660492519632535,0.33116022186134453,0.39223485294233024,-0.27660492519632535,-0.33116022186134453,0.04160336579093624,-0.11756216397727909,,3.0,,,,
3041,USA,MLS,2020,DC United,New England Revolution,1,2,A,3.15,3.34,2.33,3.18,3.5,2.55,3.02,3.29,2.34,2020-08-26,2020-08-26 00:00:00,0,1,0,-1.0,-1.0,1.33,1.046046064421331,0.30348598236535157,0.28622180971582556,0.4102922079188229,-0.30348598236535157,-0.28622180971582556,0.4102922079188229,0.04148988688657706,-0.11738858476915805,,3.0,,,,
3042,USA,MLS,2020,Chicago Fire,FC Cincinnati,3,0,H,1.79,3.73,4.6,1.81,4.0,5.08,1.76,3.68,4.58,2020-08-26,2020-08-26 00:30:00,1,0,0,0.79,2.73,-1.0,1.0441470369702295,0.535038838493609,0.2567612656577909,0.20819989584860002,0.535038838493609,-0.2567612656577909,-0.20819989584860002,0.04165213177533676,-0.11741843727115656,,3.0,,,,
3043,USA,MLS,2020,Philadelphia Union,New York Red Bulls,1,0,H,2.34,3.51,3.01,2.47,3.69,3.01,2.36,3.44,2.88,2020-08-26,2020-08-26 00:30:00,1,0,0,1.3399999999999999,2.51,-1.0,1.0444766258719747,0.4091526959673766,0.27276846397825105,0.3180788400543725,0.4091526959673766,-0.27276846397825105,-0.3180788400543725,0.04177290093872554,-0.11748437890861407,,5.0,,,,
3044,USA,MLS,2020,Montreal Impact,Vancouver Whitecaps,2,0,H,1.69,3.76,5.32,1.73,4.1,5.5,1.68,3.79,4.97,2020-08-26,2020-08-26 01:00:00,1,0,0,0.69,2.76,-1.0,1.0456433479519016,0.5658869991286735,0.2543481458849623,0.1797648549863643,0.5658869991286735,-0.2543481458849623,-0.1797648549863643,0.04194508034023341,-0.11750483898616919,,4.0,,,,
3045,USA,MLS,2020,Sporting Kansas City,Houston Dynamo,2,5,A,1.62,4.17,5.3,1.64,4.49,5.8,1.59,4.16,5.21,2020-08-26,2020-08-26 01:30:00,0,1,0,-1.0,-1.0,4.3,1.045771349377521,0.5902666495737453,0.22931222357541187,0.1804211268508429,-0.5902666495737453,-0.22931222357541187,0.1804211268508429,0.04173745744042586,-0.11740699794648544,,4.0,,,,
3046,USA,MLS,2020,Orlando City,Nashville SC,3,1,H,1.98,3.67,3.78,2.02,3.75,4.13,1.94,3.57,3.81,2020-08-27,2020-08-27 00:30:00,1,0,0,0.98,2.67,-1.0,1.0420803336334672,0.4846560181109294,0.26147654383096464,0.2538674380581059,0.4846560181109294,-0.26147654383096464,-0.2538674380581059,0.04188286734215616,-0.1174517978283343,,5.0,,,,
3047,USA,MLS,2020,Montreal Impact,Toronto FC,0,1,A,4.3,3.71,1.85,4.36,4.17,1.88,4.13,3.74,1.81,2020-08-29,2020-08-29 01:00:00,0,1,0,-1.0,-1.0,0.8500000000000001,1.0426404590511655,0.2230473002616057,0.25851843426547294,0.5184342654729214,-0.2230473002616057,-0.25851843426547294,0.5184342654729214,0.04179591946962457,-0.11724310532314845,,5.0,,,,
3048,USA,MLS,2020,Atlanta Utd,Orlando City,1,3,A,2.19,3.52,3.29,2.51,3.69,3.32,2.2,3.49,3.12,2020-08-29,2020-08-29 20:30:00,0,1,0,-1.0,-1.0,2.29,1.0446632814382741,0.43709874050281755,0.2719449550287416,0.29095630446844084,-0.43709874050281755,-0.2719449550287416,0.29095630446844084,0.041638801799029936,-0.11710918163227194,,5.0,,,,
3049,USA,MLS,2020,FC Cincinnati,Columbus Crew,0,0,D,4.84,3.78,1.74,5.0,3.88,1.8,4.74,3.72,1.72,2020-08-30,2020-08-30 00:30:00,0,0,1,-1.0,-1.0,-1.0,1.0458744784763594,0.1975491079473779,0.25294647684267435,0.5495044152099477,-0.1975491079473779,0.25294647684267435,-0.5495044152099477,0.04156035381288811,-0.11725099705817474,,3.0,,,,
3050,USA,MLS,2020,New York City,Chicago Fire,3,1,H,2.05,3.67,3.51,2.13,3.8,3.6,2.06,3.61,3.35,2020-08-30,2020-08-30 00:30:00,1,0,0,1.0499999999999998,2.67,-1.0,1.045184726981763,0.46671642385881523,0.26069990978489677,0.27258366635628806,0.46671642385881523,-0.26069990978489677,-0.27258366635628806,0.04169974924569006,-0.11730192580220691,,4.0,,,,
3051,USA,MLS,2020,Philadelphia Union,DC United,4,1,H,1.89,3.65,4.16,1.91,3.84,4.31,1.85,3.64,4.09,2020-08-30,2020-08-30 00:30:00,1,0,0,0.8899999999999999,2.65,-1.0,1.0434577472248705,0.5070646420592488,0.2625622393128713,0.23037311862787987,0.5070646420592488,-0.2625622393128713,-0.23037311862787987,0.04185227788968008,-0.11733898617350343,,6.0,,,,
3052,USA,MLS,2020,New England Revolution,New York Red Bulls,1,1,D,1.88,3.73,4.1,2.1,3.94,4.33,1.85,3.71,3.99,2020-08-30,2020-08-30 01:00:00,0,0,1,-1.0,-1.0,-1.0,1.0439138473867198,0.5095390725475955,0.2568186210159462,0.23364230643645842,-0.5095390725475955,0.2568186210159462,-0.23364230643645842,0.041671612309589226,-0.11737709342129601,,2.0,,,,
3053,USA,MLS,2020,FC Dallas,Minnesota United,3,1,H,2.39,3.6,2.86,2.47,3.77,3.1,2.33,3.54,2.86,2020-08-30,2020-08-30 01:30:00,1,0,0,1.3900000000000001,2.6,-1.0,1.0458381692691316,0.40007149684869864,0.2656030215189972,0.33432548163230413,0.40007149684869864,-0.2656030215189972,-0.33432548163230413,0.041789005000234206,-0.11744815414458819,,4.0,,,,
3054,USA,MLS,2020,Colorado Rapids,Sporting Kansas City,1,1,D,2.89,3.79,2.3,3.0,3.85,2.35,2.86,3.69,2.27,2020-08-30,2020-08-30 02:00:00,0,0,1,-1.0,-1.0,-1.0,1.04465561268539,0.33122950477066243,0.2525734218435922,0.41619707338574546,-0.33122950477066243,0.2525734218435922,-0.41619707338574546,0.04166686403436292,-0.11754597631853747,,3.0,,,,
3055,USA,MLS,2020,Los Angeles Galaxy,San Jose Earthquakes,3,2,H,2.14,3.84,3.15,2.2,4.07,3.2,2.13,3.81,3.05,2020-08-30,2020-08-30 03:30:00,1,0,0,1.1400000000000001,2.84,-1.0,1.0451667037531522,0.4470958727905791,0.24916280410724984,0.3037413231021712,0.4470958727905791,-0.24916280410724984,-0.3037413231021712,0.041799574020862505,-0.11760692405889217,,3.0,,,,
3056,USA,MLS,2020,Portland Timbers,Real Salt Lake,4,4,D,1.8,3.85,4.35,1.91,3.9,4.5,1.79,3.73,4.26,2020-08-30,2020-08-30 03:30:00,0,0,1,-1.0,-1.0,-1.0,1.0451808727670797,0.5315401094977387,0.24851225898595572,0.21994763151630567,-0.5315401094977387,0.24851225898595572,-0.21994763151630567,0.04161196286787867,-0.11764041251028531,,6.0,,,,
3057,USA,MLS,2020,Nashville SC,Inter Miami,1,0,H,2.33,3.28,3.22,2.39,3.44,3.45,2.27,3.23,3.21,2020-08-31,2020-08-31 01:30:00,1,0,0,1.33,2.28,-1.0,1.044621604347891,0.41085168789338145,0.2918550099974326,0.297293302109186,0.41085168789338145,-0.2918550099974326,-0.297293302109186,0.04173274786134465,-0.11769918022032749,,1.0,,,,
3058,USA,MLS,2020,Seattle Sounders,Los Angeles FC,3,1,H,2.52,3.92,2.54,2.6,4.08,2.59,2.5,3.82,2.49,2020-08-31,2020-08-31 03:00:00,1,0,0,1.52,2.92,-1.0,1.045628225043298,0.3795090715048026,0.24397011739594454,0.376520811099253,0.3795090715048026,-0.24397011739594454,-0.376520811099253,0.04184320447470091,-0.11778381777130162,,5.0,,,,
3059,USA,MLS,2020,Toronto FC,Montreal Impact,0,1,A,1.45,4.76,7.09,1.47,5.07,8.0,1.43,4.69,6.7,2020-09-02,2020-09-02 01:00:00,0,1,0,-1.0,-1.0,6.09,1.0407829295815403,0.6626311335554643,0.2018519209360133,0.13551694550852234,-0.6626311335554643,-0.2018519209360133,0.13551694550852234,0.0416129088427852,-0.11770101268359981,,6.0,,,,
3060,USA,MLS,2020,Atlanta Utd,Inter Miami,0,0,D,2.29,3.53,3.13,2.33,3.72,3.27,2.22,3.46,3.09,2020-09-03,2020-09-03 00:00:00,0,0,1,-1.0,-1.0,-1.0,1.0394561595789673,0.42010547408204474,0.27253301293141147,0.3073615129865439,-0.42010547408204474,0.27253301293141147,-0.3073615129865439,0.041462020482352244,-0.11776299323925436,,6.0,,,,
3061,USA,MLS,2020,Columbus Crew,Philadelphia Union,1,0,H,1.76,3.93,4.59,1.8,4.0,4.75,1.74,3.8,4.49,2020-09-03,2020-09-03 00:30:00,1,0,0,0.76,2.93,-1.0,1.0404996681377463,0.5460663136959305,0.24454878170606556,0.20938490459800385,0.5460663136959305,-0.24454878170606556,-0.20938490459800385,0.04162686997376472,-0.1177929252586463,,4.0,,,,
3062,USA,MLS,2020,FC Cincinnati,Chicago Fire,0,0,D,3.15,3.39,2.34,3.38,3.5,2.39,3.09,3.31,2.3,2020-09-03,2020-09-03 00:30:00,0,0,1,-1.0,-1.0,-1.0,1.039795995548208,0.30531019432609374,0.283695313311857,0.4109944923620493,-0.30531019432609374,0.283695313311857,-0.4109944923620493,0.04151356590312466,-0.11788868017932017,,4.0,,,,
3063,USA,MLS,2020,New York Red Bulls,DC United,0,1,A,1.68,4.03,5.04,1.74,4.05,5.4,1.66,3.92,4.9,2020-09-03,2020-09-03 00:30:00,0,1,0,-1.0,-1.0,4.04,1.0417897514671708,0.5713610586011343,0.2381852551984877,0.1904536862003781,-0.5713610586011343,-0.2381852551984877,0.1904536862003781,0.04131347624445529,-0.11778801339303883,,2.0,,,,
3064,USA,MLS,2020,Houston Dynamo,Minnesota United,3,0,H,2.1,3.88,3.28,2.36,3.95,3.34,2.11,3.74,3.14,2020-09-03,2020-09-03 01:00:00,1,0,0,1.1,2.88,-1.0,1.0388004837338507,0.45840417254992355,0.24810535112238133,0.293490476327695,0.45840417254992355,-0.24810535112238133,-0.293490476327695,0.041449602450821306,-0.11784535753890524,,2.0,,,,
3065,USA,MLS,2020,New England Revolution,New York City,0,2,A,2.72,3.58,2.54,2.76,3.63,2.6,2.66,3.49,2.49,2020-09-03,2020-09-03 01:00:00,0,1,0,-1.0,-1.0,1.54,1.0406774551636517,0.35327666319600926,0.2684113195232249,0.3783120172807658,-0.35327666319600926,-0.2684113195232249,0.3783120172807658,0.04132081737230684,-0.11768347911318919,,3.0,,,,
3066,USA,MLS,2020,Nashville SC,Orlando City,1,1,D,2.63,3.43,2.73,2.73,3.45,2.81,2.56,3.35,2.67,2020-09-03,2020-09-03 01:30:00,0,0,1,-1.0,-1.0,-1.0,1.0380736926868688,0.3662824128583555,0.28085211248322883,0.3528654746584157,-0.3662824128583555,0.28085211248322883,-0.3528654746584157,0.04118787437484087,-0.11776018556966186,,2.0,,,,
3067,USA,MLS,2020,Sporting Kansas City,FC Dallas,1,1,D,2.09,3.48,3.64,2.12,3.8,3.96,2.04,3.52,3.5,2020-09-03,2020-09-03 01:30:00,0,0,1,-1.0,-1.0,-1.0,1.0405504960858862,0.45982285465369543,0.2761579788006389,0.26401916654566576,-0.45982285465369543,0.2761579788006389,-0.26401916654566576,0.04102451906703894,-0.11780787353215812,,5.0,,,,
3068,USA,MLS,2020,Real Salt Lake,Seattle Sounders,2,2,D,2.12,3.7,3.36,2.4,3.71,3.4,2.11,3.54,3.28,2020-09-03,2020-09-03 02:30:00,0,0,1,-1.0,-1.0,-1.0,1.039587431096865,0.45373587550001465,0.2599783935297381,0.28628573097024734,-0.45373587550001465,0.2599783935297381,-0.28628573097024734,0.04086325427089583,-0.11786278808803755,,4.0,,,,
3069,USA,MLS,2020,Portland Timbers,Los Angeles Galaxy,2,3,A,2.79,3.87,2.36,2.79,4.09,2.96,2.65,3.79,2.39,2020-09-03,2020-09-03 03:30:00,0,1,0,-1.0,-1.0,1.3599999999999999,1.0405496854439598,0.3444553816910492,0.24832829842843082,0.40721631988052004,-0.3444553816910492,-0.24832829842843082,0.40721631988052004,0.04073770241818747,-0.11769169681792722,,7.0,,,,
3070,USA,MLS,2020,Los Angeles FC,San Jose Earthquakes,5,1,H,1.47,5.19,5.92,1.58,5.24,6.5,1.46,4.98,5.73,2020-09-03,2020-09-03 04:00:00,1,0,0,0.47,4.19,-1.0,1.0418692551227646,0.6529342386280322,0.1849351311721016,0.16213063019986612,0.6529342386280322,-0.1849351311721016,-0.16213063019986612,0.040937114970698824,-0.11770617204052719,,6.0,,,,
3071,USA,MLS,2020,Houston Dynamo,Sporting Kansas City,2,1,H,2.36,3.65,2.93,2.43,3.72,2.98,2.32,3.59,2.85,2020-09-06,2020-09-06 01:00:00,1,0,0,1.3599999999999999,2.65,-1.0,1.038998344626693,0.4078243394233373,0.26368916192851394,0.3284864986481488,0.4078243394233373,-0.26368916192851394,-0.3284864986481488,0.04105658329517054,-0.11777480777045478,,3.0,,,,
3072,USA,MLS,2020,Orlando City,Atlanta Utd,1,1,D,1.67,4.08,5.09,1.7,4.22,5.14,1.65,4.01,4.87,2020-09-06,2020-09-06 01:00:00,0,0,1,-1.0,-1.0,-1.0,1.0403640886492358,0.5755700352816294,0.2355887154216473,0.1888412492967232,-0.5755700352816294,0.2355887154216473,-0.1888412492967232,0.04085585848443591,-0.11779794137772244,,6.0,,,,
3073,USA,MLS,2020,Vancouver Whitecaps,Toronto FC,3,2,H,5.71,4.55,1.55,6.3,4.6,1.72,5.54,4.35,1.54,2020-09-06,2020-09-06 02:30:00,1,0,0,4.71,3.55,-1.0,1.040072858614184,0.1683837310635453,0.2113123306313942,0.6203039383050604,0.1683837310635453,-0.2113123306313942,-0.6203039383050604,0.0408973579548489,-0.11796146431847329,,2.0,,,,
3074,USA,MLS,2020,San Jose Earthquakes,Colorado Rapids,1,1,D,2.41,3.66,2.84,2.45,3.9,2.88,2.35,3.66,2.75,2020-09-06,2020-09-06 03:30:00,0,0,1,-1.0,-1.0,-1.0,1.0402744791082845,0.39887334320820894,0.2626461085059518,0.33848054828583934,-0.39887334320820894,0.2626461085059518,-0.33848054828583934,0.040754296568654015,-0.11803320117077236,,4.0,,,,
3075,USA,MLS,2020,DC United,New York City,0,0,D,4.34,4.08,1.77,4.5,4.08,1.81,4.29,3.9,1.75,2020-09-07,2020-09-07 00:00:00,0,0,1,-1.0,-1.0,-1.0,1.0404845371718945,0.2214494673511067,0.23556144321171643,0.5429890894371768,-0.2214494673511067,0.23556144321171643,-0.5429890894371768,0.04066902705193214,-0.11817139820760697,,4.0,,,,
3076,USA,MLS,2020,New York Red Bulls,Philadelphia Union,0,3,A,2.3,3.75,2.95,2.36,3.75,3.0,2.28,3.6,2.9,2020-09-07,2020-09-07 00:00:00,0,1,0,-1.0,-1.0,1.9500000000000002,1.0404323262097765,0.41788648597601286,0.2563037113986212,0.3258098026253659,-0.41788648597601286,-0.2563037113986212,0.3258098026253659,0.04051995178761877,-0.11802706101617882,,3.0,,,,
3077,USA,MLS,2020,Chicago Fire,New England Revolution,1,2,A,2.45,3.53,2.86,2.5,3.66,3.0,2.38,3.47,2.83,2020-09-07,2020-09-07 00:30:00,0,1,0,-1.0,-1.0,1.8599999999999999,1.0410997339366421,0.3920501100915293,0.27210276762726543,0.3358471222812052,-0.3920501100915293,-0.27210276762726543,0.3358471222812052,0.04037937003205193,-0.11787955559424272,,4.0,,,,
3078,USA,MLS,2020,Columbus Crew,FC Cincinnati,3,0,H,1.61,3.75,6.47,1.63,4.08,6.53,1.59,3.75,6.01,2020-09-07,2020-09-07 00:30:00,1,0,0,0.6100000000000001,2.75,-1.0,1.0423441844986097,0.5958857176539355,0.2558336014460897,0.1482806808999747,0.5958857176539355,-0.2558336014460897,-0.1482806808999747,0.040559846428290365,-0.117889432503049,,5.0,,,,
3079,USA,MLS,2020,Inter Miami,Nashville SC,0,0,D,1.96,3.5,4.15,2.0,3.5,4.38,1.93,3.35,4.11,2020-09-07,2020-09-07 01:00:00,0,0,1,-1.0,-1.0,-1.0,1.0368822227686254,0.49205596395541856,0.2755513398150344,0.23239269622954706,-0.49205596395541856,0.2755513398150344,-0.23239269622954706,0.04038686305369351,-0.11792662096155063,,2.0,,,,
3080,USA,MLS,2020,Minnesota United,Real Salt Lake,4,0,H,1.66,4.35,4.82,1.7,4.4,5.0,1.65,4.18,4.7,2020-09-07,2020-09-07 01:00:00,1,0,0,0.6599999999999999,3.3499999999999996,-1.0,1.039763575693531,0.5793717462668421,0.22109358593171446,0.19953466780144352,0.5793717462668421,-0.22109358593171446,-0.19953466780144352,0.04056185814564583,-0.1179531170806545,,1.0,,,,
3081,USA,MLS,2020,Seattle Sounders,Portland Timbers,1,2,A,1.97,3.92,3.65,2.02,4.0,3.8,1.94,3.8,3.53,2020-09-07,2020-09-07 03:00:00,0,1,0,-1.0,-1.0,2.65,1.036688856754022,0.4896495316708247,0.24607387178355222,0.2642765965456232,-0.4896495316708247,-0.24607387178355222,0.2642765965456232,0.040389767464108516,-0.11782905680359305,,6.0,,,,
3082,USA,MLS,2020,Los Angeles Galaxy,Los Angeles FC,3,0,H,3.65,4.52,1.84,3.72,4.75,1.88,3.53,4.4,1.82,2020-09-07,2020-09-07 03:30:00,1,0,0,2.65,3.5199999999999996,-1.0,1.0386898016623887,0.2637674908343588,0.21299808441270124,0.5232344247529399,0.2637674908343588,-0.21299808441270124,-0.5232344247529399,0.04046224563522151,-0.11796059650766488,,4.0,,,,
